scenario,label,route,runtime,isolate,metric,n,median_ms,p95_ms,min_ms,max_ms,unexpected
home,"/ (prerendered)","/",workers,warm,isolate_cpu,10,3.0,3.9,2.1,4.0,0
home,"/ (prerendered)","/",workers,warm,thread_cpu_unprofiled,10,8.9,11.7,7.9,12.3,0
home,"/ (prerendered)","/",workers,warm,thread_cpu_profiled,10,15.9,44.1,12.7,63.1,0
home,"/ (prerendered)","/",workers,warm,wall,20,14.0,18.8,11.4,20.4,0
home,"/ (prerendered)","/",workers,cold,isolate_cpu,3,11.3,13.7,8.6,14.0,0
home,"/ (prerendered)","/",workers,cold,thread_cpu_unprofiled,3,33.8,43.6,29.8,44.7,0
home,"/ (prerendered)","/",workers,cold,thread_cpu_profiled,3,51.1,69.7,45.7,71.8,0
home,"/ (prerendered)","/",workers,cold,wall,6,57.8,61.9,47.4,62.4,0
home,"/ (prerendered)","/",node,warm,thread_cpu_settled,10,4.4,6.7,3.3,7.1,0
home,"/ (prerendered)","/",node,warm,thread_cpu_to_finish,10,3.4,5.3,1.4,5.6,0
home,"/ (prerendered)","/",node,warm,wall,10,5.7,8.4,4.6,9.4,0
home,"/ (prerendered)","/",node,cold,thread_cpu_settled,3,16.7,18.6,16.0,18.8,0
home,"/ (prerendered)","/",node,cold,thread_cpu_to_finish,3,10.8,13.9,9.2,14.2,0
home,"/ (prerendered)","/",node,cold,wall,3,14.5,16.5,14.2,16.8,0
play,"/play (prerendered)","/play",workers,warm,isolate_cpu,10,2.7,4.4,1.9,5.1,0
play,"/play (prerendered)","/play",workers,warm,thread_cpu_unprofiled,10,9.0,10.3,7.3,10.5,0
play,"/play (prerendered)","/play",workers,warm,thread_cpu_profiled,10,17.1,32.2,13.2,33.5,0
play,"/play (prerendered)","/play",workers,warm,wall,20,14.0,17.5,10.7,18.3,0
play,"/play (prerendered)","/play",workers,cold,isolate_cpu,3,11.8,16.9,11.7,17.4,0
play,"/play (prerendered)","/play",workers,cold,thread_cpu_unprofiled,3,36.1,37.8,31.2,38.0,0
play,"/play (prerendered)","/play",workers,cold,thread_cpu_profiled,3,76.5,78.9,59.4,79.1,0
play,"/play (prerendered)","/play",workers,cold,wall,6,55.8,73.5,46.4,77.7,0
play,"/play (prerendered)","/play",node,warm,thread_cpu_settled,10,3.2,4.3,2.5,4.9,0
play,"/play (prerendered)","/play",node,warm,thread_cpu_to_finish,10,2.5,3.3,2.2,3.4,0
play,"/play (prerendered)","/play",node,warm,wall,10,4.4,5.2,3.9,5.2,0
play,"/play (prerendered)","/play",node,cold,thread_cpu_settled,3,17.8,19.0,13.5,19.1,0
play,"/play (prerendered)","/play",node,cold,thread_cpu_to_finish,3,11.7,12.7,10.9,12.8,0
play,"/play (prerendered)","/play",node,cold,wall,3,16.7,19.9,14.2,20.3,0
playground,"/playground (prerendered)","/playground",workers,warm,isolate_cpu,10,2.6,3.2,2.1,3.2,0
playground,"/playground (prerendered)","/playground",workers,warm,thread_cpu_unprofiled,10,8.2,10.6,7.3,10.8,0
playground,"/playground (prerendered)","/playground",workers,warm,thread_cpu_profiled,10,17.3,64.2,12.1,95.3,0
playground,"/playground (prerendered)","/playground",workers,warm,wall,20,13.7,19.7,10.9,20.0,0
playground,"/playground (prerendered)","/playground",workers,cold,isolate_cpu,3,12.4,17.4,11.3,17.9,0
playground,"/playground (prerendered)","/playground",workers,cold,thread_cpu_unprofiled,3,32.5,34.7,30.8,35.0,0
playground,"/playground (prerendered)","/playground",workers,cold,thread_cpu_profiled,3,90.4,126.9,77.2,131.0,0
playground,"/playground (prerendered)","/playground",workers,cold,wall,6,53.6,70.2,50.1,70.4,0
playground,"/playground (prerendered)","/playground",node,warm,thread_cpu_settled,10,3.0,3.8,2.1,4.1,0
playground,"/playground (prerendered)","/playground",node,warm,thread_cpu_to_finish,10,2.3,2.9,2.1,3.2,0
playground,"/playground (prerendered)","/playground",node,warm,wall,10,4.3,5.1,3.8,5.3,0
playground,"/playground (prerendered)","/playground",node,cold,thread_cpu_settled,3,18.6,19.5,15.5,19.6,0
playground,"/playground (prerendered)","/playground",node,cold,thread_cpu_to_finish,3,12.7,15.2,9.9,15.5,0
playground,"/playground (prerendered)","/playground",node,cold,wall,3,17.9,18.9,13.7,19.0,0
icon,"/icon.svg (static route)","/icon.svg",workers,warm,isolate_cpu,10,2.4,3.5,1.7,3.8,0
icon,"/icon.svg (static route)","/icon.svg",workers,warm,thread_cpu_unprofiled,10,8.4,9.9,7.2,10.1,0
icon,"/icon.svg (static route)","/icon.svg",workers,warm,thread_cpu_profiled,10,16.3,25.6,13.4,27.4,0
icon,"/icon.svg (static route)","/icon.svg",workers,warm,wall,20,13.9,20.3,10.5,22.6,0
icon,"/icon.svg (static route)","/icon.svg",workers,cold,isolate_cpu,3,12.3,12.5,11.0,12.5,0
icon,"/icon.svg (static route)","/icon.svg",workers,cold,thread_cpu_unprofiled,3,31.4,42.0,29.7,43.2,0
icon,"/icon.svg (static route)","/icon.svg",workers,cold,thread_cpu_profiled,3,49.8,73.9,40.3,76.6,0
icon,"/icon.svg (static route)","/icon.svg",workers,cold,wall,6,51.5,64.4,50.2,64.6,0
icon,"/icon.svg (static route)","/icon.svg",node,warm,thread_cpu_settled,10,4.3,7.3,3.6,8.2,0
icon,"/icon.svg (static route)","/icon.svg",node,warm,thread_cpu_to_finish,10,1.7,6.0,0.0,6.8,0
icon,"/icon.svg (static route)","/icon.svg",node,warm,wall,10,4.5,7.1,3.4,8.1,0
icon,"/icon.svg (static route)","/icon.svg",node,cold,thread_cpu_settled,3,25.3,27.2,25.2,27.4,0
icon,"/icon.svg (static route)","/icon.svg",node,cold,thread_cpu_to_finish,3,21.9,23.3,17.6,23.5,0
icon,"/icon.svg (static route)","/icon.svg",node,cold,wall,3,23.9,24.8,23.2,24.8,0
battle-miss,"/battles/[id] MISS (render, 4 builds)","/battles/[id]",workers,warm,isolate_cpu,10,35.0,40.1,26.6,41.2,0
battle-miss,"/battles/[id] MISS (render, 4 builds)","/battles/[id]",workers,warm,thread_cpu_unprofiled,10,47.8,54.1,39.4,54.7,0
battle-miss,"/battles/[id] MISS (render, 4 builds)","/battles/[id]",workers,warm,thread_cpu_profiled,10,68.2,204.4,56.9,238.2,0
battle-miss,"/battles/[id] MISS (render, 4 builds)","/battles/[id]",workers,warm,wall,20,78.5,106.8,60.9,114.1,0
battle-miss,"/battles/[id] MISS (render, 4 builds)","/battles/[id]",workers,cold,isolate_cpu,3,309.8,324.1,297.8,325.7,0
battle-miss,"/battles/[id] MISS (render, 4 builds)","/battles/[id]",workers,cold,thread_cpu_unprofiled,3,493.8,547.5,447.2,553.5,0
battle-miss,"/battles/[id] MISS (render, 4 builds)","/battles/[id]",workers,cold,thread_cpu_profiled,3,373.7,466.8,344.1,477.1,0
battle-miss,"/battles/[id] MISS (render, 4 builds)","/battles/[id]",workers,cold,wall,6,469.1,626.0,406.2,646.4,0
battle-miss,"/battles/[id] MISS (render, 4 builds)","/battles/[id]",node,warm,thread_cpu_settled,10,33.0,53.3,23.5,56.9,0
battle-miss,"/battles/[id] MISS (render, 4 builds)","/battles/[id]",node,warm,thread_cpu_to_finish,10,32.1,52.3,22.9,55.8,0
battle-miss,"/battles/[id] MISS (render, 4 builds)","/battles/[id]",node,warm,wall,10,58.1,84.1,37.9,91.7,0
battle-miss,"/battles/[id] MISS (render, 4 builds)","/battles/[id]",node,cold,thread_cpu_settled,3,171.2,200.0,165.1,203.2,0
battle-miss,"/battles/[id] MISS (render, 4 builds)","/battles/[id]",node,cold,thread_cpu_to_finish,3,164.4,193.4,162.4,196.6,0
battle-miss,"/battles/[id] MISS (render, 4 builds)","/battles/[id]",node,cold,wall,3,199.9,222.4,192.2,224.9,0
battle-miss-8,"/battles/[id] MISS (render, 8 builds)","/battles/[id]",workers,warm,isolate_cpu,10,33.0,45.0,27.8,47.5,0
battle-miss-8,"/battles/[id] MISS (render, 8 builds)","/battles/[id]",workers,warm,thread_cpu_unprofiled,10,49.1,60.3,40.8,62.8,0
battle-miss-8,"/battles/[id] MISS (render, 8 builds)","/battles/[id]",workers,warm,thread_cpu_profiled,10,69.0,82.5,59.3,84.2,0
battle-miss-8,"/battles/[id] MISS (render, 8 builds)","/battles/[id]",workers,warm,wall,20,74.4,88.7,64.6,93.5,0
battle-miss-8,"/battles/[id] MISS (render, 8 builds)","/battles/[id]",workers,cold,isolate_cpu,3,311.5,341.4,311.5,344.8,0
battle-miss-8,"/battles/[id] MISS (render, 8 builds)","/battles/[id]",workers,cold,thread_cpu_unprofiled,3,451.9,481.0,412.1,484.2,0
battle-miss-8,"/battles/[id] MISS (render, 8 builds)","/battles/[id]",workers,cold,thread_cpu_profiled,3,358.4,400.1,355.2,404.8,0
battle-miss-8,"/battles/[id] MISS (render, 8 builds)","/battles/[id]",workers,cold,wall,6,467.0,551.5,392.9,565.5,0
battle-miss-8,"/battles/[id] MISS (render, 8 builds)","/battles/[id]",node,warm,thread_cpu_settled,10,25.6,33.8,22.0,35.4,0
battle-miss-8,"/battles/[id] MISS (render, 8 builds)","/battles/[id]",node,warm,thread_cpu_to_finish,10,25.1,32.1,21.7,33.6,0
battle-miss-8,"/battles/[id] MISS (render, 8 builds)","/battles/[id]",node,warm,wall,10,34.6,46.8,29.1,48.4,0
battle-miss-8,"/battles/[id] MISS (render, 8 builds)","/battles/[id]",node,cold,thread_cpu_settled,3,180.6,186.5,175.1,187.1,0
battle-miss-8,"/battles/[id] MISS (render, 8 builds)","/battles/[id]",node,cold,thread_cpu_to_finish,3,179.1,180.7,169.4,180.8,0
battle-miss-8,"/battles/[id] MISS (render, 8 builds)","/battles/[id]",node,cold,wall,3,206.7,210.0,203.6,210.4,0
battle-hit,"/battles/[id] HIT","/battles/[id]",workers,warm,isolate_cpu,10,3.5,4.8,2.6,4.9,0
battle-hit,"/battles/[id] HIT","/battles/[id]",workers,warm,thread_cpu_unprofiled,10,9.9,12.5,9.1,13.1,0
battle-hit,"/battles/[id] HIT","/battles/[id]",workers,warm,thread_cpu_profiled,10,20.7,44.8,14.9,54.9,0
battle-hit,"/battles/[id] HIT","/battles/[id]",workers,warm,wall,20,17.8,22.7,13.6,25.3,0
battle-hit,"/battles/[id] HIT","/battles/[id]",workers,cold,isolate_cpu,3,15.3,19.6,14.4,20.1,0
battle-hit,"/battles/[id] HIT","/battles/[id]",workers,cold,thread_cpu_unprofiled,3,35.7,43.3,34.4,44.2,0
battle-hit,"/battles/[id] HIT","/battles/[id]",workers,cold,thread_cpu_profiled,3,87.9,104.5,51.4,106.3,0
battle-hit,"/battles/[id] HIT","/battles/[id]",workers,cold,wall,6,56.4,78.4,44.6,83.6,0
battle-hit,"/battles/[id] HIT","/battles/[id]",node,warm,thread_cpu_settled,10,4.1,5.6,3.3,5.9,0
battle-hit,"/battles/[id] HIT","/battles/[id]",node,warm,thread_cpu_to_finish,10,3.4,4.4,1.8,4.4,0
battle-hit,"/battles/[id] HIT","/battles/[id]",node,warm,wall,10,7.6,11.6,6.0,12.9,0
battle-hit,"/battles/[id] HIT","/battles/[id]",node,cold,thread_cpu_settled,3,168.5,178.5,162.1,179.7,0
battle-hit,"/battles/[id] HIT","/battles/[id]",node,cold,thread_cpu_to_finish,3,70.1,74.5,67.1,74.9,0
battle-hit,"/battles/[id] HIT","/battles/[id]",node,cold,wall,3,75.5,77.8,71.4,78.1,0
battle-stale,"/battles/[id] STALE (+ background regeneration)","/battles/[id]",workers,warm,isolate_cpu,4,44.3,79.4,35.2,85.2,0
battle-stale,"/battles/[id] STALE (+ background regeneration)","/battles/[id]",workers,warm,thread_cpu_unprofiled,4,56.8,63.7,45.4,64.6,0
battle-stale,"/battles/[id] STALE (+ background regeneration)","/battles/[id]",workers,warm,thread_cpu_profiled,4,84.7,122.9,73.9,128.9,0
battle-stale,"/battles/[id] STALE (+ background regeneration)","/battles/[id]",workers,warm,wall,8,23.8,33.1,19.9,33.7,0
battle-stale,"/battles/[id] STALE (+ background regeneration)","/battles/[id]",workers,cold,isolate_cpu,2,370.3,389.0,349.4,391.1,0
battle-stale,"/battles/[id] STALE (+ background regeneration)","/battles/[id]",workers,cold,thread_cpu_unprofiled,2,518.1,533.9,500.6,535.6,0
battle-stale,"/battles/[id] STALE (+ background regeneration)","/battles/[id]",workers,cold,thread_cpu_profiled,2,462.2,466.2,457.8,466.6,0
battle-stale,"/battles/[id] STALE (+ background regeneration)","/battles/[id]",workers,cold,wall,4,315.2,386.4,240.3,387.9,0
battle-stale,"/battles/[id] STALE (+ background regeneration)","/battles/[id]",node,warm,thread_cpu_settled,8,27.1,40.6,19.1,46.2,0
battle-stale,"/battles/[id] STALE (+ background regeneration)","/battles/[id]",node,warm,thread_cpu_to_finish,8,8.0,9.9,5.8,10.4,0
battle-stale,"/battles/[id] STALE (+ background regeneration)","/battles/[id]",node,warm,wall,8,12.0,14.0,10.3,14.2,0
battle-stale,"/battles/[id] STALE (+ background regeneration)","/battles/[id]",node,cold,thread_cpu_settled,3,178.4,192.3,170.4,193.9,0
battle-stale,"/battles/[id] STALE (+ background regeneration)","/battles/[id]",node,cold,thread_cpu_to_finish,3,78.9,86.2,75.3,87.1,0
battle-stale,"/battles/[id] STALE (+ background regeneration)","/battles/[id]",node,cold,wall,3,85.2,90.8,84.7,91.5,0
battle-rsc,"/battles/[id] RSC (client navigation, cached page)","/battles/[id]",workers,warm,isolate_cpu,10,4.0,4.8,0.0,5.0,0
battle-rsc,"/battles/[id] RSC (client navigation, cached page)","/battles/[id]",workers,warm,thread_cpu_unprofiled,10,9.8,13.5,8.7,13.8,0
battle-rsc,"/battles/[id] RSC (client navigation, cached page)","/battles/[id]",workers,warm,thread_cpu_profiled,10,20.9,41.2,13.4,46.0,0
battle-rsc,"/battles/[id] RSC (client navigation, cached page)","/battles/[id]",workers,warm,wall,20,16.1,19.9,13.6,21.7,0
battle-rsc,"/battles/[id] RSC (client navigation, cached page)","/battles/[id]",workers,cold,isolate_cpu,3,19.3,19.4,13.0,19.4,0
battle-rsc,"/battles/[id] RSC (client navigation, cached page)","/battles/[id]",workers,cold,thread_cpu_unprofiled,3,36.5,46.0,31.4,47.1,0
battle-rsc,"/battles/[id] RSC (client navigation, cached page)","/battles/[id]",workers,cold,thread_cpu_profiled,3,65.7,114.1,47.7,119.5,0
battle-rsc,"/battles/[id] RSC (client navigation, cached page)","/battles/[id]",workers,cold,wall,6,65.2,81.0,51.5,84.4,0
battle-prefetch,"/battles/[id] RSC prefetch (a <Link> in view)","/battles/[id]",workers,warm,isolate_cpu,10,4.0,20.6,2.8,33.0,0
battle-prefetch,"/battles/[id] RSC prefetch (a <Link> in view)","/battles/[id]",workers,warm,thread_cpu_unprofiled,10,9.3,12.6,8.7,12.9,0
battle-prefetch,"/battles/[id] RSC prefetch (a <Link> in view)","/battles/[id]",workers,warm,thread_cpu_profiled,10,23.6,63.8,15.7,74.8,0
battle-prefetch,"/battles/[id] RSC prefetch (a <Link> in view)","/battles/[id]",workers,warm,wall,20,16.2,26.3,13.3,48.9,0
battle-prefetch,"/battles/[id] RSC prefetch (a <Link> in view)","/battles/[id]",workers,cold,isolate_cpu,3,14.3,18.9,13.0,19.4,0
battle-prefetch,"/battles/[id] RSC prefetch (a <Link> in view)","/battles/[id]",workers,cold,thread_cpu_unprofiled,3,32.6,33.2,31.9,33.3,0
battle-prefetch,"/battles/[id] RSC prefetch (a <Link> in view)","/battles/[id]",workers,cold,thread_cpu_profiled,3,80.5,82.4,62.1,82.6,0
battle-prefetch,"/battles/[id] RSC prefetch (a <Link> in view)","/battles/[id]",workers,cold,wall,6,50.4,72.7,42.7,75.0,0
battle-404,"/battles/<unknown id> (404, cached 5 s)","/battles/[id]",workers,warm,isolate_cpu,10,21.3,29.7,17.5,30.1,0
battle-404,"/battles/<unknown id> (404, cached 5 s)","/battles/[id]",workers,warm,thread_cpu_unprofiled,10,33.8,42.4,27.8,42.7,0
battle-404,"/battles/<unknown id> (404, cached 5 s)","/battles/[id]",workers,warm,thread_cpu_profiled,10,56.0,66.9,43.1,70.8,0
battle-404,"/battles/<unknown id> (404, cached 5 s)","/battles/[id]",workers,warm,wall,20,63.4,92.7,53.2,97.6,0
battle-404,"/battles/<unknown id> (404, cached 5 s)","/battles/[id]",workers,cold,isolate_cpu,3,326.7,328.7,281.6,328.9,0
battle-404,"/battles/<unknown id> (404, cached 5 s)","/battles/[id]",workers,cold,thread_cpu_unprofiled,3,412.4,445.1,403.9,448.8,0
battle-404,"/battles/<unknown id> (404, cached 5 s)","/battles/[id]",workers,cold,thread_cpu_profiled,3,383.3,385.9,365.6,386.2,0
battle-404,"/battles/<unknown id> (404, cached 5 s)","/battles/[id]",workers,cold,wall,6,454.5,519.1,376.1,533.4,0
battle-404,"/battles/<unknown id> (404, cached 5 s)","/battles/[id]",node,warm,thread_cpu_settled,10,23.0,28.1,17.1,29.8,0
battle-404,"/battles/<unknown id> (404, cached 5 s)","/battles/[id]",node,warm,thread_cpu_to_finish,10,22.3,27.3,16.7,28.9,0
battle-404,"/battles/<unknown id> (404, cached 5 s)","/battles/[id]",node,warm,wall,10,29.3,44.7,22.3,48.7,0
battle-404,"/battles/<unknown id> (404, cached 5 s)","/battles/[id]",node,cold,thread_cpu_settled,3,159.2,177.2,153.3,179.2,0
battle-404,"/battles/<unknown id> (404, cached 5 s)","/battles/[id]",node,cold,thread_cpu_to_finish,3,152.2,170.6,151.4,172.7,0
battle-404,"/battles/<unknown id> (404, cached 5 s)","/battles/[id]",node,cold,wall,3,170.0,176.6,159.7,177.4,0
battle-malformed,"/battles/<malformed id> (404, cached 1 h)","/battles/[id]",workers,warm,isolate_cpu,10,2.5,2.9,1.7,2.9,0
battle-malformed,"/battles/<malformed id> (404, cached 1 h)","/battles/[id]",workers,warm,thread_cpu_unprofiled,10,7.6,10.1,7.1,11.7,0
battle-malformed,"/battles/<malformed id> (404, cached 1 h)","/battles/[id]",workers,warm,thread_cpu_profiled,10,17.1,66.5,12.2,81.3,0
battle-malformed,"/battles/<malformed id> (404, cached 1 h)","/battles/[id]",workers,warm,wall,20,13.3,16.0,10.7,20.1,0
battle-malformed,"/battles/<malformed id> (404, cached 1 h)","/battles/[id]",workers,cold,isolate_cpu,3,13.1,14.5,11.8,14.7,0
battle-malformed,"/battles/<malformed id> (404, cached 1 h)","/battles/[id]",workers,cold,thread_cpu_unprofiled,3,32.6,40.2,32.2,41.0,0
battle-malformed,"/battles/<malformed id> (404, cached 1 h)","/battles/[id]",workers,cold,thread_cpu_profiled,3,48.6,83.2,46.3,87.0,0
battle-malformed,"/battles/<malformed id> (404, cached 1 h)","/battles/[id]",workers,cold,wall,6,57.4,69.8,50.9,71.0,0
battle-malformed,"/battles/<malformed id> (404, cached 1 h)","/battles/[id]",node,warm,thread_cpu_settled,10,3.8,4.5,2.8,4.8,0
battle-malformed,"/battles/<malformed id> (404, cached 1 h)","/battles/[id]",node,warm,thread_cpu_to_finish,10,2.9,3.9,2.3,3.9,0
battle-malformed,"/battles/<malformed id> (404, cached 1 h)","/battles/[id]",node,warm,wall,10,5.2,7.6,4.1,7.7,0
battle-malformed,"/battles/<malformed id> (404, cached 1 h)","/battles/[id]",node,cold,thread_cpu_settled,3,151.5,177.0,125.3,179.8,0
battle-malformed,"/battles/<malformed id> (404, cached 1 h)","/battles/[id]",node,cold,thread_cpu_to_finish,3,132.1,158.4,103.2,161.3,0
battle-malformed,"/battles/<malformed id> (404, cached 1 h)","/battles/[id]",node,cold,wall,3,139.9,161.1,105.7,163.5,0
og-card,"/og-card.png (static asset)","static assets",workers,warm,isolate_cpu,10,0.0,0.1,0.0,0.1,0
og-card,"/og-card.png (static asset)","static assets",workers,warm,thread_cpu_unprofiled,10,2.8,5.1,2.5,6.2,0
og-card,"/og-card.png (static asset)","static assets",workers,warm,thread_cpu_profiled,10,9.4,76.8,6.5,98.4,0
og-card,"/og-card.png (static asset)","static assets",workers,warm,wall,20,6.9,10.2,5.2,12.9,0
og-card,"/og-card.png (static asset)","static assets",workers,cold,isolate_cpu,3,0.0,0.0,0.0,0.0,0
og-card,"/og-card.png (static asset)","static assets",workers,cold,thread_cpu_unprofiled,3,7.7,8.8,7.3,8.9,0
og-card,"/og-card.png (static asset)","static assets",workers,cold,thread_cpu_profiled,3,17.4,39.8,14.0,42.3,0
og-card,"/og-card.png (static asset)","static assets",workers,cold,wall,6,15.5,19.5,11.3,19.8,0
og-card,"/og-card.png (static asset)","static assets",node,warm,thread_cpu_settled,10,1.6,3.1,1.3,3.2,0
og-card,"/og-card.png (static asset)","static assets",node,warm,thread_cpu_to_finish,10,1.0,1.8,0.9,1.9,0
og-card,"/og-card.png (static asset)","static assets",node,warm,wall,10,2.4,3.6,1.9,3.8,0
og-card,"/og-card.png (static asset)","static assets",node,cold,thread_cpu_settled,3,8.3,12.2,6.1,12.7,0
og-card,"/og-card.png (static asset)","static assets",node,cold,thread_cpu_to_finish,3,5.2,7.6,4.0,7.9,0
og-card,"/og-card.png (static asset)","static assets",node,cold,wall,3,6.0,7.6,5.7,7.8,0
user-miss,"/u/[id] (10 battles, data MISS)","/u/[id]",workers,warm,isolate_cpu,5,26.2,29.8,23.6,30.7,0
user-miss,"/u/[id] (10 battles, data MISS)","/u/[id]",workers,warm,thread_cpu_unprofiled,5,30.2,33.7,27.3,34.0,0
user-miss,"/u/[id] (10 battles, data MISS)","/u/[id]",workers,warm,thread_cpu_profiled,5,51.8,69.4,49.4,70.7,0
user-miss,"/u/[id] (10 battles, data MISS)","/u/[id]",workers,warm,wall,10,58.9,73.2,49.8,80.9,0
user-miss,"/u/[id] (10 battles, data MISS)","/u/[id]",workers,cold,isolate_cpu,2,321.5,325.0,317.7,325.4,0
user-miss,"/u/[id] (10 battles, data MISS)","/u/[id]",workers,cold,thread_cpu_unprofiled,2,431.3,434.5,427.8,434.9,0
user-miss,"/u/[id] (10 battles, data MISS)","/u/[id]",workers,cold,thread_cpu_profiled,2,384.6,390.0,378.6,390.6,0
user-miss,"/u/[id] (10 battles, data MISS)","/u/[id]",workers,cold,wall,4,428.4,474.9,380.6,475.4,0
user-miss,"/u/[id] (10 battles, data MISS)","/u/[id]",node,warm,thread_cpu_settled,10,22.8,28.9,18.5,28.9,0
user-miss,"/u/[id] (10 battles, data MISS)","/u/[id]",node,warm,thread_cpu_to_finish,10,22.4,28.0,17.9,28.4,0
user-miss,"/u/[id] (10 battles, data MISS)","/u/[id]",node,warm,wall,10,33.2,42.4,27.1,44.7,0
user-miss,"/u/[id] (10 battles, data MISS)","/u/[id]",node,cold,thread_cpu_settled,3,149.9,150.6,146.3,150.6,0
user-miss,"/u/[id] (10 battles, data MISS)","/u/[id]",node,cold,thread_cpu_to_finish,3,147.0,148.8,143.8,149.0,0
user-miss,"/u/[id] (10 battles, data MISS)","/u/[id]",node,cold,wall,3,156.1,180.4,152.1,183.1,0
user-hit,"/u/[id] (10 battles, data HIT)","/u/[id]",workers,warm,isolate_cpu,10,25.3,56.5,15.7,75.8,0
user-hit,"/u/[id] (10 battles, data HIT)","/u/[id]",workers,warm,thread_cpu_unprofiled,10,27.9,34.3,22.4,34.5,0
user-hit,"/u/[id] (10 battles, data HIT)","/u/[id]",workers,warm,thread_cpu_profiled,10,48.4,84.3,34.2,101.8,0
user-hit,"/u/[id] (10 battles, data HIT)","/u/[id]",workers,warm,wall,20,48.6,68.2,38.1,99.2,0
user-hit,"/u/[id] (10 battles, data HIT)","/u/[id]",workers,cold,isolate_cpu,3,306.4,317.7,295.2,318.9,0
user-hit,"/u/[id] (10 battles, data HIT)","/u/[id]",workers,cold,thread_cpu_unprofiled,3,390.9,402.3,389.6,403.6,0
user-hit,"/u/[id] (10 battles, data HIT)","/u/[id]",workers,cold,thread_cpu_profiled,3,345.3,372.1,331.1,375.0,0
user-hit,"/u/[id] (10 battles, data HIT)","/u/[id]",workers,cold,wall,6,414.4,440.0,371.7,443.3,0
user-hit,"/u/[id] (10 battles, data HIT)","/u/[id]",node,warm,thread_cpu_settled,10,16.7,20.5,12.0,21.2,0
user-hit,"/u/[id] (10 battles, data HIT)","/u/[id]",node,warm,thread_cpu_to_finish,10,15.8,19.8,11.4,20.7,0
user-hit,"/u/[id] (10 battles, data HIT)","/u/[id]",node,warm,wall,10,21.0,29.0,14.6,33.2,0
user-hit,"/u/[id] (10 battles, data HIT)","/u/[id]",node,cold,thread_cpu_settled,3,146.2,148.4,139.7,148.7,0
user-hit,"/u/[id] (10 battles, data HIT)","/u/[id]",node,cold,thread_cpu_to_finish,3,144.7,146.7,137.4,146.9,0
user-hit,"/u/[id] (10 battles, data HIT)","/u/[id]",node,cold,wall,3,153.0,159.2,145.2,159.9,0
user-404,"/u/<unknown id> (404)","/u/[id]",workers,warm,isolate_cpu,10,15.9,20.2,14.2,21.9,0
user-404,"/u/<unknown id> (404)","/u/[id]",workers,warm,thread_cpu_unprofiled,10,22.2,29.9,17.6,34.6,0
user-404,"/u/<unknown id> (404)","/u/[id]",workers,warm,thread_cpu_profiled,10,37.3,63.9,27.9,69.0,0
user-404,"/u/<unknown id> (404)","/u/[id]",workers,warm,wall,20,44.4,51.0,37.6,57.7,0
user-404,"/u/<unknown id> (404)","/u/[id]",workers,cold,isolate_cpu,3,262.9,279.1,257.5,280.9,0
user-404,"/u/<unknown id> (404)","/u/[id]",workers,cold,thread_cpu_unprofiled,3,403.2,441.7,385.2,445.9,0
user-404,"/u/<unknown id> (404)","/u/[id]",workers,cold,thread_cpu_profiled,3,312.8,321.4,292.9,322.4,0
user-404,"/u/<unknown id> (404)","/u/[id]",workers,cold,wall,6,383.8,472.7,317.6,482.7,0
user-404,"/u/<unknown id> (404)","/u/[id]",node,warm,thread_cpu_settled,10,15.2,29.1,12.0,37.9,0
user-404,"/u/<unknown id> (404)","/u/[id]",node,warm,thread_cpu_to_finish,10,14.4,22.5,11.1,26.5,0
user-404,"/u/<unknown id> (404)","/u/[id]",node,warm,wall,10,18.7,30.8,15.2,35.5,0
user-404,"/u/<unknown id> (404)","/u/[id]",node,cold,thread_cpu_settled,3,139.1,164.5,120.0,167.3,0
user-404,"/u/<unknown id> (404)","/u/[id]",node,cold,thread_cpu_to_finish,3,137.8,159.4,118.2,161.7,0
user-404,"/u/<unknown id> (404)","/u/[id]",node,cold,wall,3,143.5,161.5,122.9,163.5,0
room,"/r/[code] (prerendered, rewritten to /r)","/r/[code]",workers,warm,isolate_cpu,10,3.3,3.7,2.3,3.8,0
room,"/r/[code] (prerendered, rewritten to /r)","/r/[code]",workers,warm,thread_cpu_unprofiled,10,8.6,10.5,7.7,10.6,0
room,"/r/[code] (prerendered, rewritten to /r)","/r/[code]",workers,warm,thread_cpu_profiled,10,20.9,100.1,13.9,158.3,0
room,"/r/[code] (prerendered, rewritten to /r)","/r/[code]",workers,warm,wall,20,14.3,20.6,11.1,24.1,0
room,"/r/[code] (prerendered, rewritten to /r)","/r/[code]",workers,cold,isolate_cpu,3,13.6,18.0,12.4,18.4,0
room,"/r/[code] (prerendered, rewritten to /r)","/r/[code]",workers,cold,thread_cpu_unprofiled,3,34.1,34.5,33.9,34.5,0
room,"/r/[code] (prerendered, rewritten to /r)","/r/[code]",workers,cold,thread_cpu_profiled,3,69.3,83.2,46.9,84.8,0
room,"/r/[code] (prerendered, rewritten to /r)","/r/[code]",workers,cold,wall,6,53.0,66.3,45.0,67.5,0
room,"/r/[code] (prerendered, rewritten to /r)","/r/[code]",node,warm,thread_cpu_settled,10,3.4,4.4,2.8,4.5,0
room,"/r/[code] (prerendered, rewritten to /r)","/r/[code]",node,warm,thread_cpu_to_finish,10,3.0,3.4,2.5,3.5,0
room,"/r/[code] (prerendered, rewritten to /r)","/r/[code]",node,warm,wall,10,5.1,6.5,4.2,6.6,0
room,"/r/[code] (prerendered, rewritten to /r)","/r/[code]",node,cold,thread_cpu_settled,3,16.4,18.2,15.3,18.4,0
room,"/r/[code] (prerendered, rewritten to /r)","/r/[code]",node,cold,thread_cpu_to_finish,3,12.2,12.9,11.7,13.0,0
room,"/r/[code] (prerendered, rewritten to /r)","/r/[code]",node,cold,wall,3,15.8,15.9,14.7,15.9,0
notfound,"/<unknown path> (404)","404",workers,warm,isolate_cpu,10,4.4,6.5,3.2,6.9,0
notfound,"/<unknown path> (404)","404",workers,warm,thread_cpu_unprofiled,10,10.2,11.7,9.3,11.9,0
notfound,"/<unknown path> (404)","404",workers,warm,thread_cpu_profiled,10,21.1,42.2,13.9,47.4,0
notfound,"/<unknown path> (404)","404",workers,warm,wall,20,15.8,24.3,12.5,24.4,0
notfound,"/<unknown path> (404)","404",workers,cold,isolate_cpu,3,163.2,177.7,151.7,179.3,0
notfound,"/<unknown path> (404)","404",workers,cold,thread_cpu_unprofiled,3,323.8,355.0,307.9,358.4,0
notfound,"/<unknown path> (404)","404",workers,cold,thread_cpu_profiled,3,230.6,354.6,215.8,368.4,0
notfound,"/<unknown path> (404)","404",workers,cold,wall,6,280.6,370.3,200.5,378.7,0
notfound,"/<unknown path> (404)","404",node,warm,thread_cpu_settled,10,3.1,3.6,2.6,3.8,0
notfound,"/<unknown path> (404)","404",node,warm,thread_cpu_to_finish,10,2.7,2.9,0.9,2.9,0
notfound,"/<unknown path> (404)","404",node,warm,wall,10,4.5,5.6,3.6,6.2,0
notfound,"/<unknown path> (404)","404",node,cold,thread_cpu_settled,3,10.8,10.8,9.6,10.8,0
notfound,"/<unknown path> (404)","404",node,cold,thread_cpu_to_finish,3,5.7,8.2,5.1,8.5,0
notfound,"/<unknown path> (404)","404",node,cold,wall,3,8.2,9.4,7.4,9.5,0
admin-signin,"/admin/sign-in","/admin",workers,warm,isolate_cpu,10,8.5,11.3,8.0,11.5,0
admin-signin,"/admin/sign-in","/admin",workers,warm,thread_cpu_unprofiled,10,12.0,21.6,11.2,25.1,0
admin-signin,"/admin/sign-in","/admin",workers,warm,thread_cpu_profiled,10,30.4,54.8,17.7,65.1,0
admin-signin,"/admin/sign-in","/admin",workers,warm,wall,20,26.7,31.6,23.1,41.4,0
admin-signin,"/admin/sign-in","/admin",workers,cold,isolate_cpu,3,252.1,278.3,251.3,281.3,0
admin-signin,"/admin/sign-in","/admin",workers,cold,thread_cpu_unprofiled,3,368.7,382.7,351.2,384.3,0
admin-signin,"/admin/sign-in","/admin",workers,cold,thread_cpu_profiled,3,290.7,323.9,277.2,327.6,0
admin-signin,"/admin/sign-in","/admin",workers,cold,wall,6,342.3,400.8,279.5,406.6,0
admin-signin,"/admin/sign-in","/admin",node,warm,thread_cpu_settled,10,8.1,12.0,7.0,12.8,0
admin-signin,"/admin/sign-in","/admin",node,warm,thread_cpu_to_finish,10,7.6,11.4,6.6,11.8,0
admin-signin,"/admin/sign-in","/admin",node,warm,wall,10,9.5,14.5,7.8,14.9,0
admin-signin,"/admin/sign-in","/admin",node,cold,thread_cpu_settled,3,87.7,98.6,84.8,99.8,0
admin-signin,"/admin/sign-in","/admin",node,cold,thread_cpu_to_finish,3,82.6,92.4,79.1,93.5,0
admin-signin,"/admin/sign-in","/admin",node,cold,wall,3,85.7,101.7,80.8,103.5,0
admin-anon,"/admin, not signed in (404)","/admin",workers,warm,isolate_cpu,10,11.8,14.8,9.3,16.0,0
admin-anon,"/admin, not signed in (404)","/admin",workers,warm,thread_cpu_unprofiled,10,14.0,22.5,12.9,23.9,0
admin-anon,"/admin, not signed in (404)","/admin",workers,warm,thread_cpu_profiled,10,23.0,43.5,19.3,55.6,0
admin-anon,"/admin, not signed in (404)","/admin",workers,warm,wall,20,31.4,41.1,28.9,41.5,0
admin-anon,"/admin, not signed in (404)","/admin",workers,cold,isolate_cpu,3,286.2,304.3,228.2,306.4,0
admin-anon,"/admin, not signed in (404)","/admin",workers,cold,thread_cpu_unprofiled,3,396.5,447.9,351.9,453.6,0
admin-anon,"/admin, not signed in (404)","/admin",workers,cold,thread_cpu_profiled,3,314.7,329.4,252.3,331.0,0
admin-anon,"/admin, not signed in (404)","/admin",workers,cold,wall,6,360.0,466.2,260.5,482.0,0
admin-anon,"/admin, not signed in (404)","/admin",node,warm,thread_cpu_settled,10,10.5,13.7,8.0,13.8,0
admin-anon,"/admin, not signed in (404)","/admin",node,warm,thread_cpu_to_finish,10,10.1,12.3,7.6,12.6,0
admin-anon,"/admin, not signed in (404)","/admin",node,warm,wall,10,12.0,14.9,9.1,15.3,0
admin-anon,"/admin, not signed in (404)","/admin",node,cold,thread_cpu_settled,3,96.4,102.5,88.5,103.2,0
admin-anon,"/admin, not signed in (404)","/admin",node,cold,thread_cpu_to_finish,3,92.4,98.4,87.5,99.0,0
admin-anon,"/admin, not signed in (404)","/admin",node,cold,wall,3,94.7,102.5,89.0,103.4,0
admin-queue,"/admin (report queue)","/admin",workers,warm,isolate_cpu,10,26.1,31.3,20.0,32.6,0
admin-queue,"/admin (report queue)","/admin",workers,warm,thread_cpu_unprofiled,10,30.2,72.5,25.4,104.4,0
admin-queue,"/admin (report queue)","/admin",workers,warm,thread_cpu_profiled,10,49.6,102.1,37.7,116.1,0
admin-queue,"/admin (report queue)","/admin",workers,warm,wall,20,56.6,108.7,50.7,134.4,0
admin-queue,"/admin (report queue)","/admin",workers,cold,isolate_cpu,3,283.1,290.5,253.1,291.3,0
admin-queue,"/admin (report queue)","/admin",workers,cold,thread_cpu_unprofiled,3,473.7,477.3,409.1,477.7,0
admin-queue,"/admin (report queue)","/admin",workers,cold,thread_cpu_profiled,3,326.9,511.0,310.8,531.5,0
admin-queue,"/admin (report queue)","/admin",workers,cold,wall,6,422.2,532.9,302.4,537.9,0
admin-queue,"/admin (report queue)","/admin",node,warm,thread_cpu_settled,10,21.3,33.0,18.0,41.6,0
admin-queue,"/admin (report queue)","/admin",node,warm,thread_cpu_to_finish,10,20.6,30.3,17.3,37.6,0
admin-queue,"/admin (report queue)","/admin",node,warm,wall,10,34.3,44.7,27.3,46.8,0
admin-queue,"/admin (report queue)","/admin",node,cold,thread_cpu_settled,3,167.0,187.7,146.2,190.0,0
admin-queue,"/admin (report queue)","/admin",node,cold,thread_cpu_to_finish,3,165.8,182.6,145.2,184.5,0
admin-queue,"/admin (report queue)","/admin",node,cold,wall,3,173.5,188.2,172.3,189.8,0
admin-lookup,"/admin?q=<battle> (event log)","/admin",workers,warm,isolate_cpu,10,18.2,24.8,14.4,26.7,0
admin-lookup,"/admin?q=<battle> (event log)","/admin",workers,warm,thread_cpu_unprofiled,10,23.3,26.9,20.3,27.0,0
admin-lookup,"/admin?q=<battle> (event log)","/admin",workers,warm,thread_cpu_profiled,10,45.0,67.3,31.6,70.1,0
admin-lookup,"/admin?q=<battle> (event log)","/admin",workers,warm,wall,20,47.7,61.9,41.5,65.9,0
admin-lookup,"/admin?q=<battle> (event log)","/admin",workers,cold,isolate_cpu,3,303.3,312.4,264.9,313.4,0
admin-lookup,"/admin?q=<battle> (event log)","/admin",workers,cold,thread_cpu_unprofiled,3,418.6,432.8,381.8,434.3,0
admin-lookup,"/admin?q=<battle> (event log)","/admin",workers,cold,thread_cpu_profiled,3,328.1,340.9,303.5,342.4,0
admin-lookup,"/admin?q=<battle> (event log)","/admin",workers,cold,wall,6,383.3,470.3,300.7,476.1,0
admin-lookup,"/admin?q=<battle> (event log)","/admin",node,warm,thread_cpu_settled,10,15.7,19.8,12.6,20.5,0
admin-lookup,"/admin?q=<battle> (event log)","/admin",node,warm,thread_cpu_to_finish,10,15.3,19.5,12.6,19.8,0
admin-lookup,"/admin?q=<battle> (event log)","/admin",node,warm,wall,10,25.7,27.1,20.3,27.3,0
admin-lookup,"/admin?q=<battle> (event log)","/admin",node,cold,thread_cpu_settled,3,152.4,169.1,141.4,170.9,0
admin-lookup,"/admin?q=<battle> (event log)","/admin",node,cold,thread_cpu_to_finish,3,145.9,167.1,139.7,169.5,0
admin-lookup,"/admin?q=<battle> (event log)","/admin",node,cold,wall,3,155.1,173.3,150.4,175.3,0
action-signin,"action: sign in","/admin actions",workers,warm,isolate_cpu,10,28.3,34.8,24.9,35.7,0
action-signin,"action: sign in","/admin actions",workers,warm,thread_cpu_unprofiled,10,36.2,43.6,33.3,43.6,0
action-signin,"action: sign in","/admin actions",workers,warm,thread_cpu_profiled,10,66.4,102.6,57.0,103.4,0
action-signin,"action: sign in","/admin actions",workers,warm,wall,20,226.7,263.6,206.3,267.6,0
action-signin,"action: sign in","/admin actions",workers,cold,isolate_cpu,3,295.0,316.2,275.5,318.6,0
action-signin,"action: sign in","/admin actions",workers,cold,thread_cpu_unprofiled,3,419.3,437.9,406.1,440.0,0
action-signin,"action: sign in","/admin actions",workers,cold,thread_cpu_profiled,3,356.0,394.7,339.1,399.0,0
action-signin,"action: sign in","/admin actions",workers,cold,wall,6,595.8,649.5,539.5,654.9,0
action-signin,"action: sign in","/admin actions",node,warm,thread_cpu_settled,10,30.0,69.0,24.4,95.8,0
action-signin,"action: sign in","/admin actions",node,warm,thread_cpu_to_finish,10,23.6,29.4,20.0,31.7,0
action-signin,"action: sign in","/admin actions",node,warm,wall,10,218.7,239.1,203.5,242.5,0
action-signin,"action: sign in","/admin actions",node,cold,thread_cpu_settled,3,84.6,95.5,84.5,96.7,0
action-signin,"action: sign in","/admin actions",node,cold,thread_cpu_to_finish,3,74.8,81.9,71.3,82.7,0
action-signin,"action: sign in","/admin actions",node,cold,wall,3,324.2,326.7,315.1,327.0,0
action-dismiss,"action: dismiss reports","/admin actions",workers,warm,isolate_cpu,10,27.0,61.5,20.9,86.8,0
action-dismiss,"action: dismiss reports","/admin actions",workers,warm,thread_cpu_unprofiled,10,32.9,43.7,30.2,44.0,0
action-dismiss,"action: dismiss reports","/admin actions",workers,warm,thread_cpu_profiled,10,57.8,98.2,39.9,121.6,0
action-dismiss,"action: dismiss reports","/admin actions",workers,warm,wall,20,62.1,84.9,52.4,144.5,0
action-dismiss,"action: dismiss reports","/admin actions",workers,cold,isolate_cpu,3,298.7,343.0,263.8,348.0,0
action-dismiss,"action: dismiss reports","/admin actions",workers,cold,thread_cpu_unprofiled,3,395.3,496.8,385.4,508.1,0
action-dismiss,"action: dismiss reports","/admin actions",workers,cold,thread_cpu_profiled,3,389.4,420.4,315.3,423.9,0
action-dismiss,"action: dismiss reports","/admin actions",workers,cold,wall,6,437.8,540.8,345.4,572.5,0
action-dismiss,"action: dismiss reports","/admin actions",node,warm,thread_cpu_settled,10,26.5,32.8,18.8,33.4,0
action-dismiss,"action: dismiss reports","/admin actions",node,warm,thread_cpu_to_finish,10,23.6,28.7,17.0,29.5,0
action-dismiss,"action: dismiss reports","/admin actions",node,warm,wall,10,50.3,61.9,37.7,62.3,0
action-dismiss,"action: dismiss reports","/admin actions",node,cold,thread_cpu_settled,3,80.5,95.6,74.7,97.3,0
action-dismiss,"action: dismiss reports","/admin actions",node,cold,thread_cpu_to_finish,3,69.8,77.8,64.8,78.7,0
action-dismiss,"action: dismiss reports","/admin actions",node,cold,wall,3,160.7,179.3,155.5,181.3,0
action-takedown,"action: take a build down (incl. the re-expiry 10 s later)","/admin actions",workers,warm,isolate_cpu,3,25.0,26.3,24.8,26.4,0
action-takedown,"action: take a build down (incl. the re-expiry 10 s later)","/admin actions",workers,warm,thread_cpu_unprofiled,3,44.9,49.2,39.6,49.6,0
action-takedown,"action: take a build down (incl. the re-expiry 10 s later)","/admin actions",workers,warm,thread_cpu_profiled,3,617.5,629.0,574.2,630.3,0
action-takedown,"action: take a build down (incl. the re-expiry 10 s later)","/admin actions",workers,warm,wall,6,69.5,80.3,59.5,83.7,0
action-takedown,"action: take a build down (incl. the re-expiry 10 s later)","/admin actions",workers,cold,isolate_cpu,2,301.6,329.5,270.6,332.6,0
action-takedown,"action: take a build down (incl. the re-expiry 10 s later)","/admin actions",workers,cold,thread_cpu_unprofiled,2,373.2,381.8,363.8,382.7,0
action-takedown,"action: take a build down (incl. the re-expiry 10 s later)","/admin actions",workers,cold,thread_cpu_profiled,2,912.2,938.1,883.5,941.0,0
action-takedown,"action: take a build down (incl. the re-expiry 10 s later)","/admin actions",workers,cold,wall,4,420.7,442.3,373.3,445.1,0
action-takedown,"action: take a build down (incl. the re-expiry 10 s later)","/admin actions",node,warm,thread_cpu_settled,6,91.3,152.6,79.5,161.8,0
action-takedown,"action: take a build down (incl. the re-expiry 10 s later)","/admin actions",node,warm,thread_cpu_to_finish,6,25.8,30.0,24.2,30.7,0
action-takedown,"action: take a build down (incl. the re-expiry 10 s later)","/admin actions",node,warm,wall,6,63.0,68.1,56.0,68.2,0
action-takedown,"action: take a build down (incl. the re-expiry 10 s later)","/admin actions",node,cold,thread_cpu_settled,3,210.8,213.3,151.6,213.5,0
action-takedown,"action: take a build down (incl. the re-expiry 10 s later)","/admin actions",node,cold,thread_cpu_to_finish,3,70.2,87.1,68.4,89.0,0
action-takedown,"action: take a build down (incl. the re-expiry 10 s later)","/admin actions",node,cold,wall,3,170.8,184.1,163.8,185.6,0
action-refresh,"action: refresh public copies","/admin actions",workers,warm,isolate_cpu,3,23.8,24.7,20.3,24.8,0
action-refresh,"action: refresh public copies","/admin actions",workers,warm,thread_cpu_unprofiled,3,40.9,53.4,38.5,54.8,0
action-refresh,"action: refresh public copies","/admin actions",workers,warm,thread_cpu_profiled,3,582.8,807.8,567.5,832.8,0
action-refresh,"action: refresh public copies","/admin actions",workers,warm,wall,6,65.6,75.1,56.7,76.5,0
action-refresh,"action: refresh public copies","/admin actions",workers,cold,isolate_cpu,2,280.4,313.1,244.2,316.7,0
action-refresh,"action: refresh public copies","/admin actions",workers,cold,thread_cpu_unprofiled,2,398.0,414.3,379.9,416.1,0
action-refresh,"action: refresh public copies","/admin actions",workers,cold,thread_cpu_profiled,2,905.0,933.9,872.9,937.1,0
action-refresh,"action: refresh public copies","/admin actions",workers,cold,wall,4,447.6,492.2,369.3,498.3,0
action-refresh,"action: refresh public copies","/admin actions",node,warm,thread_cpu_settled,6,73.8,78.8,61.1,79.3,0
action-refresh,"action: refresh public copies","/admin actions",node,warm,thread_cpu_to_finish,6,17.0,22.5,16.2,23.8,0
action-refresh,"action: refresh public copies","/admin actions",node,warm,wall,6,44.0,53.9,43.1,56.2,0
action-refresh,"action: refresh public copies","/admin actions",node,cold,thread_cpu_settled,3,203.0,208.4,182.1,209.0,0
action-refresh,"action: refresh public copies","/admin actions",node,cold,thread_cpu_to_finish,3,58.1,68.8,57.6,70.0,0
action-refresh,"action: refresh public copies","/admin actions",node,cold,wall,3,182.9,184.2,153.3,184.4,0
admin-session,"/admin/session (route handler: token refresh)","/admin",workers,warm,isolate_cpu,10,5.4,10.0,3.8,12.0,0
admin-session,"/admin/session (route handler: token refresh)","/admin",workers,warm,thread_cpu_unprofiled,10,9.3,21.0,7.8,30.1,0
admin-session,"/admin/session (route handler: token refresh)","/admin",workers,warm,thread_cpu_profiled,10,33.6,48.7,22.1,51.0,0
admin-session,"/admin/session (route handler: token refresh)","/admin",workers,warm,wall,20,134.9,172.7,104.1,189.2,0
admin-session,"/admin/session (route handler: token refresh)","/admin",workers,cold,isolate_cpu,3,160.2,175.2,155.2,176.9,0
admin-session,"/admin/session (route handler: token refresh)","/admin",workers,cold,thread_cpu_unprofiled,3,313.4,319.5,309.0,320.2,0
admin-session,"/admin/session (route handler: token refresh)","/admin",workers,cold,thread_cpu_profiled,3,195.2,214.6,181.4,216.7,0
admin-session,"/admin/session (route handler: token refresh)","/admin",workers,cold,wall,6,381.8,463.3,298.8,471.4,0
admin-session,"/admin/session (route handler: token refresh)","/admin",node,warm,thread_cpu_settled,10,7.2,20.0,6.1,29.5,0
admin-session,"/admin/session (route handler: token refresh)","/admin",node,warm,thread_cpu_to_finish,10,4.8,6.0,3.5,6.3,0
admin-session,"/admin/session (route handler: token refresh)","/admin",node,warm,wall,10,123.1,131.7,106.3,132.6,0
admin-session,"/admin/session (route handler: token refresh)","/admin",node,cold,thread_cpu_settled,3,56.4,58.7,52.8,58.9,0
admin-session,"/admin/session (route handler: token refresh)","/admin",node,cold,thread_cpu_to_finish,3,54.4,54.6,47.6,54.6,0
admin-session,"/admin/session (route handler: token refresh)","/admin",node,cold,wall,3,162.8,179.0,162.5,180.8,0
