page,setting,width,height,bytes,psnr_db,ssim
01-starter.html,png,1280,800,16277,99.00,1.0000
01-starter.html,webp-q82,1280,800,10440,41.32,1.0000
01-starter.html,webp-q75,1280,800,9062,41.00,0.9999
01-starter.html,webp-q70,1280,800,8714,40.87,0.9999
01-starter.html,webp-q60,1280,800,8230,40.65,0.9999
01-starter.html,webp-q50,1280,800,7746,40.43,0.9999
01-starter.html,webp-q82-960,960,600,7158,40.09,0.9999
01-starter.html,webp-q70-960,960,600,5946,39.71,0.9999
01-starter.html,thumb-640-q80,640,400,4384,38.82,0.9998
02-zen-pomodoro.html,png,1280,800,29451,99.00,1.0000
02-zen-pomodoro.html,webp-q82,1280,800,8610,46.53,0.9997
02-zen-pomodoro.html,webp-q75,1280,800,7446,45.87,0.9994
02-zen-pomodoro.html,webp-q70,1280,800,7228,45.75,0.9994
02-zen-pomodoro.html,webp-q60,1280,800,6778,45.34,0.9992
02-zen-pomodoro.html,webp-q50,1280,800,6650,44.77,0.9990
02-zen-pomodoro.html,webp-q82-960,960,600,6034,45.94,0.9995
02-zen-pomodoro.html,webp-q70-960,960,600,4980,44.98,0.9990
02-zen-pomodoro.html,thumb-640-q80,640,400,3938,42.74,0.9989
03-brutalist-todo.html,png,1280,800,57193,99.00,1.0000
03-brutalist-todo.html,webp-q82,1280,800,34276,35.23,0.9996
03-brutalist-todo.html,webp-q75,1280,800,29636,34.90,0.9993
03-brutalist-todo.html,webp-q70,1280,800,28816,34.89,0.9987
03-brutalist-todo.html,webp-q60,1280,800,26826,34.69,0.9992
03-brutalist-todo.html,webp-q50,1280,800,25232,34.52,0.9989
03-brutalist-todo.html,webp-q82-960,960,600,25596,33.16,0.9997
03-brutalist-todo.html,webp-q70-960,960,600,20764,32.78,0.9989
03-brutalist-todo.html,thumb-640-q80,640,400,13904,32.19,0.9994
04-terminal-excuses.html,png,1280,800,391119,99.00,1.0000
04-terminal-excuses.html,webp-q82,1280,800,86866,31.49,0.9802
04-terminal-excuses.html,webp-q75,1280,800,70816,31.10,0.9804
04-terminal-excuses.html,webp-q70,1280,800,67490,30.98,0.9797
04-terminal-excuses.html,webp-q60,1280,800,62230,30.73,0.9779
04-terminal-excuses.html,webp-q50,1280,800,57460,30.47,0.9765
04-terminal-excuses.html,webp-q82-960,960,600,60522,29.99,0.9832
04-terminal-excuses.html,webp-q70-960,960,600,47368,29.57,0.9804
04-terminal-excuses.html,thumb-640-q80,640,400,29966,29.75,0.9809
05-swiss-tip.html,png,1280,800,39983,99.00,1.0000
05-swiss-tip.html,webp-q82,1280,800,19138,36.90,0.9990
05-swiss-tip.html,webp-q75,1280,800,16492,36.57,0.9989
05-swiss-tip.html,webp-q70,1280,800,15894,36.56,0.9987
05-swiss-tip.html,webp-q60,1280,800,15110,36.40,0.9988
05-swiss-tip.html,webp-q50,1280,800,14336,36.00,0.9985
05-swiss-tip.html,webp-q82-960,960,600,14138,36.43,0.9987
05-swiss-tip.html,webp-q70-960,960,600,11698,36.01,0.9983
05-swiss-tip.html,thumb-640-q80,640,400,8292,35.13,0.9980
06-newspaper-flashcards.html,png,1280,800,239540,99.00,1.0000
06-newspaper-flashcards.html,webp-q82,1280,800,173842,27.60,0.9984
06-newspaper-flashcards.html,webp-q75,1280,800,145354,27.35,0.9973
06-newspaper-flashcards.html,webp-q70,1280,800,139754,27.28,0.9967
06-newspaper-flashcards.html,webp-q60,1280,800,129576,27.13,0.9959
06-newspaper-flashcards.html,webp-q50,1280,800,119066,26.95,0.9948
06-newspaper-flashcards.html,webp-q82-960,960,600,117618,26.73,0.9982
06-newspaper-flashcards.html,webp-q70-960,960,600,94436,26.44,0.9963
06-newspaper-flashcards.html,thumb-640-q80,640,400,52754,27.96,0.9976
07-win95-dice.html,png,1280,800,38757,99.00,1.0000
07-win95-dice.html,webp-q82,1280,800,16644,38.29,0.9996
07-win95-dice.html,webp-q75,1280,800,14822,37.99,0.9995
07-win95-dice.html,webp-q70,1280,800,14036,37.87,0.9995
07-win95-dice.html,webp-q60,1280,800,13320,37.54,0.9994
07-win95-dice.html,webp-q50,1280,800,12696,37.14,0.9992
07-win95-dice.html,webp-q82-960,960,600,12418,37.55,0.9994
07-win95-dice.html,webp-q70-960,960,600,10240,37.06,0.9988
07-win95-dice.html,thumb-640-q80,640,400,7498,36.29,0.9991
08-kawaii-habit.html,png,1280,800,366183,99.00,1.0000
08-kawaii-habit.html,webp-q82,1280,800,29292,39.26,0.9952
08-kawaii-habit.html,webp-q75,1280,800,23548,38.56,0.9940
08-kawaii-habit.html,webp-q70,1280,800,22352,38.42,0.9940
08-kawaii-habit.html,webp-q60,1280,800,20354,38.07,0.9935
08-kawaii-habit.html,webp-q50,1280,800,18620,37.62,0.9921
08-kawaii-habit.html,webp-q82-960,960,600,20524,38.37,0.9952
08-kawaii-habit.html,webp-q70-960,960,600,15402,37.44,0.9934
08-kawaii-habit.html,thumb-640-q80,640,400,11412,36.49,0.9936
09-cyberpunk-reaction.html,png,1280,800,448668,99.00,1.0000
09-cyberpunk-reaction.html,webp-q82,1280,800,40182,35.93,0.9475
09-cyberpunk-reaction.html,webp-q75,1280,800,30574,35.45,0.9401
09-cyberpunk-reaction.html,webp-q70,1280,800,28602,35.32,0.9386
09-cyberpunk-reaction.html,webp-q60,1280,800,26288,35.05,0.9359
09-cyberpunk-reaction.html,webp-q50,1280,800,23912,34.60,0.9272
09-cyberpunk-reaction.html,webp-q82-960,960,600,26446,35.96,0.9518
09-cyberpunk-reaction.html,webp-q70-960,960,600,19924,34.57,0.9163
09-cyberpunk-reaction.html,thumb-640-q80,640,400,14226,33.98,0.8944
10-synthwave-countdown.html,png,1280,800,151318,99.00,1.0000
10-synthwave-countdown.html,webp-q82,1280,800,43154,32.68,0.9890
10-synthwave-countdown.html,webp-q75,1280,800,35456,32.33,0.9882
10-synthwave-countdown.html,webp-q70,1280,800,33750,32.19,0.9871
10-synthwave-countdown.html,webp-q60,1280,800,30606,31.96,0.9874
10-synthwave-countdown.html,webp-q50,1280,800,28536,31.78,0.9860
10-synthwave-countdown.html,webp-q82-960,960,600,30588,31.23,0.9927
10-synthwave-countdown.html,webp-q70-960,960,600,24008,30.58,0.9898
10-synthwave-countdown.html,thumb-640-q80,640,400,17906,29.97,0.9933
11-frosted-palette.html,png,1280,800,120823,99.00,1.0000
11-frosted-palette.html,webp-q82,1280,800,21002,37.26,0.9962
11-frosted-palette.html,webp-q75,1280,800,17520,36.92,0.9956
11-frosted-palette.html,webp-q70,1280,800,16670,36.83,0.9947
11-frosted-palette.html,webp-q60,1280,800,15468,36.76,0.9965
11-frosted-palette.html,webp-q50,1280,800,14668,36.41,0.9957
11-frosted-palette.html,webp-q82-960,960,600,15244,38.39,0.9972
11-frosted-palette.html,webp-q70-960,960,600,12530,37.72,0.9960
11-frosted-palette.html,thumb-640-q80,640,400,9600,36.40,0.9968
12-comic-whack.html,png,1280,800,126618,99.00,1.0000
12-comic-whack.html,webp-q82,1280,800,267722,27.28,0.9920
12-comic-whack.html,webp-q75,1280,800,221278,26.38,0.9875
12-comic-whack.html,webp-q70,1280,800,207028,26.26,0.9856
12-comic-whack.html,webp-q60,1280,800,181932,25.98,0.9822
12-comic-whack.html,webp-q50,1280,800,158536,26.00,0.9782
12-comic-whack.html,webp-q82-960,960,600,240918,26.37,0.9944
12-comic-whack.html,webp-q70-960,960,600,190266,25.47,0.9887
12-comic-whack.html,thumb-640-q80,640,400,98166,25.43,0.9930
13-silent-film-8ball.html,png,1280,800,1288679,99.00,1.0000
13-silent-film-8ball.html,webp-q82,1280,800,412700,36.99,0.9904
13-silent-film-8ball.html,webp-q75,1280,800,344872,34.10,0.9799
13-silent-film-8ball.html,webp-q70,1280,800,333370,33.60,0.9772
13-silent-film-8ball.html,webp-q60,1280,800,305944,32.37,0.9693
13-silent-film-8ball.html,webp-q50,1280,800,279110,31.11,0.9589
13-silent-film-8ball.html,webp-q82-960,960,600,193060,36.54,0.9786
13-silent-film-8ball.html,webp-q70-960,960,600,150018,33.11,0.9494
13-silent-film-8ball.html,thumb-640-q80,640,400,71054,35.47,0.9607
14-homepage-1998.html,png,1280,800,115051,47.58,0.9997
14-homepage-1998.html,webp-q82,1280,800,186388,29.52,0.9898
14-homepage-1998.html,webp-q75,1280,800,149818,28.71,0.9849
14-homepage-1998.html,webp-q70,1280,800,143006,28.53,0.9831
14-homepage-1998.html,webp-q60,1280,800,128952,28.06,0.9798
14-homepage-1998.html,webp-q50,1280,800,117012,27.61,0.9744
14-homepage-1998.html,webp-q82-960,960,600,124646,28.64,0.9899
14-homepage-1998.html,webp-q70-960,960,600,92210,27.72,0.9812
14-homepage-1998.html,thumb-640-q80,640,400,71256,25.80,0.9868
15-arcade-snake.html,png,1280,800,12901,99.00,1.0000
15-arcade-snake.html,webp-q82,1280,800,17150,36.58,0.9966
15-arcade-snake.html,webp-q75,1280,800,14148,36.55,0.9953
15-arcade-snake.html,webp-q70,1280,800,13682,36.42,0.9942
15-arcade-snake.html,webp-q60,1280,800,13190,36.27,0.9951
15-arcade-snake.html,webp-q50,1280,800,13598,36.09,0.9952
15-arcade-snake.html,webp-q82-960,960,600,15348,34.57,0.9982
15-arcade-snake.html,webp-q70-960,960,600,11862,34.35,0.9980
15-arcade-snake.html,thumb-640-q80,640,400,7462,32.12,0.9886
16-lava-lamp.html,png,1280,800,511607,99.00,1.0000
16-lava-lamp.html,webp-q82,1280,800,14730,43.71,0.9962
16-lava-lamp.html,webp-q75,1280,800,12304,42.96,0.9958
16-lava-lamp.html,webp-q70,1280,800,11828,42.84,0.9957
16-lava-lamp.html,webp-q60,1280,800,11354,42.38,0.9954
16-lava-lamp.html,webp-q50,1280,800,10338,41.59,0.9951
16-lava-lamp.html,webp-q82-960,960,600,10330,41.12,0.9957
16-lava-lamp.html,webp-q70-960,960,600,8282,40.41,0.9951
16-lava-lamp.html,thumb-640-q80,640,400,5854,41.35,0.9950
17-pixel-editor.html,png,1280,800,15240,99.00,1.0000
17-pixel-editor.html,webp-q82,1280,800,14100,35.59,0.9982
17-pixel-editor.html,webp-q75,1280,800,11840,35.32,0.9974
17-pixel-editor.html,webp-q70,1280,800,11740,35.32,0.9946
17-pixel-editor.html,webp-q60,1280,800,10882,35.13,0.9936
17-pixel-editor.html,webp-q50,1280,800,10614,34.47,0.9924
17-pixel-editor.html,webp-q82-960,960,600,11024,36.09,0.9986
17-pixel-editor.html,webp-q70-960,960,600,10014,35.48,0.9971
17-pixel-editor.html,thumb-640-q80,640,400,7968,35.84,0.9962
18-dashboard-mood.html,png,1280,800,69363,99.00,1.0000
18-dashboard-mood.html,webp-q82,1280,800,22862,39.34,0.9986
18-dashboard-mood.html,webp-q75,1280,800,18966,38.60,0.9971
18-dashboard-mood.html,webp-q70,1280,800,18138,38.49,0.9972
18-dashboard-mood.html,webp-q60,1280,800,16866,38.12,0.9964
18-dashboard-mood.html,webp-q50,1280,800,15650,37.62,0.9942
18-dashboard-mood.html,webp-q82-960,960,600,16108,38.13,0.9976
18-dashboard-mood.html,webp-q70-960,960,600,12752,37.35,0.9954
18-dashboard-mood.html,thumb-640-q80,640,400,8930,37.07,0.9957
