scenario,label,isolate,metric,n,median_ms,p95_ms,min_ms,max_ms,unexpected
preview-shot,"`/battles/[id]`: settled battle, rank-1 PNG screenshot (4 builds)",warm,isolate_cpu,20,1.5,2.4,0.6,2.9,0
preview-shot,"`/battles/[id]`: settled battle, rank-1 PNG screenshot (4 builds)",warm,thread_cpu_unprofiled,20,5.9,7.6,4.7,9.0,0
preview-shot,"`/battles/[id]`: settled battle, rank-1 PNG screenshot (4 builds)",warm,wall,40,13.7,17.0,10.5,19.2,0
preview-shot,"`/battles/[id]`: settled battle, rank-1 PNG screenshot (4 builds)",cold,isolate_cpu,10,4.2,7.3,2.0,8.8,0
preview-shot,"`/battles/[id]`: settled battle, rank-1 PNG screenshot (4 builds)",cold,thread_cpu_unprofiled,10,16.1,21.2,10.7,22.4,0
preview-shot,"`/battles/[id]`: settled battle, rank-1 PNG screenshot (4 builds)",cold,wall,20,30.3,37.3,20.6,42.6,0
preview-removed,"`/battles/[id]`: settled battle, rank 1 taken down (static card)",warm,isolate_cpu,20,1.5,2.3,1.0,2.6,0
preview-removed,"`/battles/[id]`: settled battle, rank 1 taken down (static card)",warm,thread_cpu_unprofiled,20,5.4,7.1,4.5,9.0,0
preview-removed,"`/battles/[id]`: settled battle, rank 1 taken down (static card)",warm,wall,40,13.0,16.5,10.9,23.7,0
preview-removed,"`/battles/[id]`: settled battle, rank 1 taken down (static card)",cold,isolate_cpu,10,4.2,5.5,2.4,5.5,0
preview-removed,"`/battles/[id]`: settled battle, rank 1 taken down (static card)",cold,thread_cpu_unprofiled,10,13.5,18.3,12.9,19.9,0
preview-removed,"`/battles/[id]`: settled battle, rank 1 taken down (static card)",cold,wall,20,28.1,42.8,22.5,46.3,0
preview-unknown,"`/battles/<unknown id>` (404 from Supabase)",warm,isolate_cpu,20,1.2,3.2,0.7,3.4,0
preview-unknown,"`/battles/<unknown id>` (404 from Supabase)",warm,thread_cpu_unprofiled,20,5.3,6.4,4.4,7.0,0
preview-unknown,"`/battles/<unknown id>` (404 from Supabase)",warm,wall,40,11.7,14.3,9.2,17.6,0
preview-unknown,"`/battles/<unknown id>` (404 from Supabase)",cold,isolate_cpu,10,4.2,5.0,3.5,5.5,0
preview-unknown,"`/battles/<unknown id>` (404 from Supabase)",cold,thread_cpu_unprofiled,10,14.1,16.9,13.3,17.1,0
preview-unknown,"`/battles/<unknown id>` (404 from Supabase)",cold,wall,20,27.5,36.3,22.5,40.3,0
preview-malformed,"`/battles/<malformed id>` (404, no Supabase call)",warm,isolate_cpu,20,1.3,2.0,0.4,2.1,0
preview-malformed,"`/battles/<malformed id>` (404, no Supabase call)",warm,thread_cpu_unprofiled,20,4.4,8.5,3.8,9.1,0
preview-malformed,"`/battles/<malformed id>` (404, no Supabase call)",warm,wall,40,10.6,14.4,8.0,15.9,0
preview-malformed,"`/battles/<malformed id>` (404, no Supabase call)",cold,isolate_cpu,10,3.2,4.7,1.6,5.2,0
preview-malformed,"`/battles/<malformed id>` (404, no Supabase call)",cold,thread_cpu_unprofiled,10,13.7,15.2,11.9,15.3,0
preview-malformed,"`/battles/<malformed id>` (404, no Supabase call)",cold,wall,20,28.3,34.5,23.4,52.0,0
preview-slow,"`/battles/[id]`, Supabase hangs (1.5 s timeout, fail open)",warm,isolate_cpu,20,1.7,2.6,1.0,3.7,0
preview-slow,"`/battles/[id]`, Supabase hangs (1.5 s timeout, fail open)",warm,thread_cpu_unprofiled,20,7.5,8.5,6.0,9.4,0
preview-slow,"`/battles/[id]`, Supabase hangs (1.5 s timeout, fail open)",warm,wall,40,1511.2,1513.6,1508.2,1538.2,0
preview-slow,"`/battles/[id]`, Supabase hangs (1.5 s timeout, fail open)",cold,isolate_cpu,10,4.2,5.2,3.0,5.2,0
preview-slow,"`/battles/[id]`, Supabase hangs (1.5 s timeout, fail open)",cold,thread_cpu_unprofiled,10,15.9,17.5,14.3,17.8,0
preview-slow,"`/battles/[id]`, Supabase hangs (1.5 s timeout, fail open)",cold,wall,20,1518.6,1523.1,1516.0,1531.1,0
preview-down,"`/battles/[id]`, Supabase refuses connections (fail open)",warm,isolate_cpu,20,1.2,1.8,0.7,2.1,0
preview-down,"`/battles/[id]`, Supabase refuses connections (fail open)",warm,thread_cpu_unprofiled,20,6.1,8.0,5.4,10.0,0
preview-down,"`/battles/[id]`, Supabase refuses connections (fail open)",warm,wall,40,11.9,16.0,9.2,19.1,0
preview-down,"`/battles/[id]`, Supabase refuses connections (fail open)",cold,isolate_cpu,10,4.0,4.3,2.4,4.3,0
preview-down,"`/battles/[id]`, Supabase refuses connections (fail open)",cold,thread_cpu_unprofiled,10,14.6,17.8,12.7,19.1,0
preview-down,"`/battles/[id]`, Supabase refuses connections (fail open)",cold,wall,20,34.5,39.9,28.1,42.8,0
home,"/ (static page; no Function)",warm,isolate_cpu,20,0.3,0.9,0.0,1.0,0
home,"/ (static page; no Function)",warm,thread_cpu_unprofiled,20,4.1,4.7,2.9,4.8,0
home,"/ (static page; no Function)",warm,wall,40,10.4,13.8,7.5,14.4,0
home,"/ (static page; no Function)",cold,isolate_cpu,10,1.3,1.6,0.8,1.6,0
home,"/ (static page; no Function)",cold,thread_cpu_unprofiled,10,11.9,14.4,10.0,14.5,0
home,"/ (static page; no Function)",cold,wall,20,26.8,31.0,22.4,41.8,0
room-shell,"/r/[code] (shell through `_redirects`; no Function)",warm,isolate_cpu,20,0.4,0.9,0.2,1.0,0
room-shell,"/r/[code] (shell through `_redirects`; no Function)",warm,thread_cpu_unprofiled,20,3.5,4.5,3.1,5.8,0
room-shell,"/r/[code] (shell through `_redirects`; no Function)",warm,wall,40,10.2,15.4,7.7,20.2,0
room-shell,"/r/[code] (shell through `_redirects`; no Function)",cold,isolate_cpu,10,1.1,1.7,0.7,1.9,0
room-shell,"/r/[code] (shell through `_redirects`; no Function)",cold,thread_cpu_unprofiled,10,12.9,14.8,10.6,14.9,0
room-shell,"/r/[code] (shell through `_redirects`; no Function)",cold,wall,20,25.1,31.2,21.8,32.2,0
asset,"/_next/static/… (a JS chunk; no Function)",warm,isolate_cpu,20,0.5,1.1,0.2,1.1,0
asset,"/_next/static/… (a JS chunk; no Function)",warm,thread_cpu_unprofiled,20,4.3,5.8,3.6,5.9,0
asset,"/_next/static/… (a JS chunk; no Function)",warm,wall,40,11.0,16.1,7.6,21.2,0
asset,"/_next/static/… (a JS chunk; no Function)",cold,isolate_cpu,10,1.2,1.7,0.9,1.8,0
asset,"/_next/static/… (a JS chunk; no Function)",cold,thread_cpu_unprofiled,10,13.7,14.3,13.3,14.5,0
asset,"/_next/static/… (a JS chunk; no Function)",cold,wall,20,27.8,31.3,18.3,32.8,0
not-found,"/<unknown path> (404.html; no Function)",warm,isolate_cpu,20,0.4,0.9,0.2,0.9,0
not-found,"/<unknown path> (404.html; no Function)",warm,thread_cpu_unprofiled,20,3.6,5.9,3.0,8.5,0
not-found,"/<unknown path> (404.html; no Function)",warm,wall,40,9.4,12.0,6.6,13.9,0
not-found,"/<unknown path> (404.html; no Function)",cold,isolate_cpu,10,1.1,1.3,0.8,1.4,0
not-found,"/<unknown path> (404.html; no Function)",cold,thread_cpu_unprofiled,10,12.7,15.6,10.0,15.8,0
not-found,"/<unknown path> (404.html; no Function)",cold,wall,20,23.5,28.0,17.6,32.1,0
